channel	sequence	protocol	ensemble_id	nominal_seed_labels	retained_snapshots	mapping_qc_snapshots	convergence_qc_snapshots	structural_qc_snapshots	nominal_model_seed_trajectories	mask_id	seed_id_min	seed_id_max	actual_random_seed_status	source_csv
cav12	G402S	masked	cav12|G402S|masked	100	4995	6000	5500	4995	500	condition_specific_primary_mask	91	190	unavailable in run metadata; numeric labels are nominal design keys	cav12/dataDistances/26-02-10_Cav12_g402s_maskedAF2_distances_all_ok_rmsd_3A.csv
cav12	G402S	vanilla	cav12|G402S|vanilla	100	5000	6000	5500	5000	500	unmasked	91	190	unavailable in run metadata; numeric labels are nominal design keys	cav12/dataDistances/26-02-10_Cav12_g402s_vanillaAF2_distances_all_ok_rmsd_3A.csv
cav12	G406R	masked	cav12|G406R|masked	100	4997	6000	5500	4997	500	condition_specific_primary_mask	91	190	unavailable in run metadata; numeric labels are nominal design keys	cav12/dataDistances/26-07-25_Cav1.2_g406r_maskedAF2_distances_all_ok_rmsd_3A.csv
cav12	G406R	vanilla	cav12|G406R|vanilla	100	5000	6000	5500	5000	500	unmasked	91	190	unavailable in run metadata; numeric labels are nominal design keys	cav12/dataDistances/26-07-25_Cav1.2_g406r_vanillaAF2_distances_all_ok_rmsd_3A.csv
cav12	G490R	masked	cav12|G490R|masked	100	0	6000	5500	4998	500	condition_specific_primary_mask	91	190	unavailable in run metadata; numeric labels are nominal design keys	
cav12	G490R	vanilla	cav12|G490R|vanilla	100	0	6000	5500	5000	500	unmasked	88	187	unavailable in run metadata; numeric labels are nominal design keys	
cav12	WT	masked	cav12|WT|masked	100	4996	6000	5500	4996	500	condition_specific_primary_mask	91	190	unavailable in run metadata; numeric labels are nominal design keys	cav12/dataDistances/26-02-10_Cav12_wt_maskedAF2_distances_all_ok_rmsd_3A.csv
cav12	WT	vanilla	cav12|WT|vanilla	100	5000	6000	5500	5000	500	unmasked	91	190	unavailable in run metadata; numeric labels are nominal design keys	cav12/dataDistances/26-02-10_Cav12_wt_vanillaAF2_distances_all_ok_rmsd_3A.csv
kv21	F412L	masked	kv21|F412L|masked	100	3578	6000	4846	4021	500	kv21_common	33	132	unavailable in run metadata; numeric labels are nominal design keys	kv21/dataDistances/26-02-11_Kv2.1_f412l_maskedAF2_distances_all_ok_rmsd_3A_structural_interface_alignment_qc.csv
kv21	F412L	vanilla	kv21|F412L|vanilla	100	4407	6000	5352	4618	500	unmasked	78	177	unavailable in run metadata; numeric labels are nominal design keys	kv21/dataDistances/26-02-11_Kv2.1_f412l_vanillaAF2_distances_all_ok_rmsd_3A_structural_interface_alignment_qc.csv
kv21	L403A	masked	kv21|L403A|masked	100	3693	6000	4923	4073	500	kv21_common	33	132	unavailable in run metadata; numeric labels are nominal design keys	kv21/dataDistances/26-02-11_Kv2.1_l403a_maskedAF2_distances_all_ok_rmsd_3A_structural_interface_alignment_qc.csv
kv21	L403A	vanilla	kv21|L403A|vanilla	100	4371	5994	5298	4521	500	unmasked	55	154	unavailable in run metadata; numeric labels are nominal design keys	kv21/dataDistances/26-02-11_Kv2.1_l403a_vanillaAF2_distances_all_ok_rmsd_3A_structural_interface_alignment_qc.csv
kv21	WT	masked	kv21|WT|masked	100	3658	6000	4842	4025	500	kv21_common	33	132	unavailable in run metadata; numeric labels are nominal design keys	kv21/dataDistances/26-02-11_Kv2.1_wt_maskedAF2_distances_all_ok_rmsd_3A_structural_interface_alignment_qc.csv
kv21	WT	vanilla	kv21|WT|vanilla	100	4562	6000	5393	4644	500	unmasked	48	147	unavailable in run metadata; numeric labels are nominal design keys	kv21/dataDistances/26-02-11_Kv2.1_wt_vanillaAF2test_distances_all_ok_rmsd_3A_structural_interface_alignment_qc.csv
nav15	QQQ	masked	nav15|QQQ|masked	100	4999	6000	5500	4999	500	nav15_standard_plus_IFM	33	132	unavailable in run metadata; numeric labels are nominal design keys	nav15/dataDistances/26-07-27_Nav15_qqq_masked_AF2_distances_all_ok_rmsd_3A.csv
nav15	QQQ	masked_v2	nav15|QQQ|masked_v2	100	5000	6000	5500	5000	500	nav15_v2	33	132	unavailable in run metadata; numeric labels are nominal design keys	nav15/dataDistances/26-07-27_Nav15_qqq_maskedv2_AF2_distances_all_ok_rmsd_3A.csv
nav15	QQQ	vanilla	nav15|QQQ|vanilla	100	5000	6000	5500	5000	500	unmasked	17	116	unavailable in run metadata; numeric labels are nominal design keys	nav15/dataDistances/26-07-27_Nav15_qqq_vanilla_AF2_distances_all_ok_rmsd_3A.csv
nav15	WT	masked	nav15|WT|masked	100	5000	6000	5500	5000	500	nav15_standard_plus_IFM	33	132	unavailable in run metadata; numeric labels are nominal design keys	nav15/dataDistances/26-07-25_Nav15_wt_masked_AF2_distances_extra_ifm_all_ok_rmsd_3A.csv
nav15	WT	masked_v2	nav15|WT|masked_v2	100	4999	6000	5500	4999	500	nav15_v2	33	132	unavailable in run metadata; numeric labels are nominal design keys	nav15/dataDistances/26-07-27_Nav15_wt_maskedv2_AF2_distances_all_ok_rmsd_3A.csv
nav15	WT	masked_v2_noIFM	nav15|WT|masked_v2_noIFM	100	5000	6000	5500	5000	500	nav15_v2_noIFM	33	132	unavailable in run metadata; numeric labels are nominal design keys	nav15/dataDistances/26-07-27_Nav15_wt_maskedv2_noIFM_AF2_distances_all_ok_rmsd_3A.csv
nav15	WT	vanilla	nav15|WT|vanilla	100	5000	6000	5500	5000	500	unmasked	43	142	unavailable in run metadata; numeric labels are nominal design keys	nav15/dataDistances/26-07-27_Nav15_wt_vanillaAF2_distances_all_ok_rmsd_3A.csv
