PDB	pair	distance_A
6UZ3	DI–DII	10.933059635801854
6UZ3	DI–DIII	14.40963122359486
6UZ3	DI–DIV	10.040675774070184
6UZ3	DII–DIII	14.043860758352729
6UZ3	DII–DIV	16.526518114835905
6UZ3	DIII–DIV	10.54768685541999
7FBS	DI–DII	11.733581294728403
7FBS	DI–DIII	15.008867045849936
7FBS	DI–DIV	12.221971281262276
7FBS	DII–DIII	14.314654239624534
7FBS	DII–DIV	18.589951425434126
7FBS	DIII–DIV	10.328798284408498
8T6L	DI–DII	10.987484334459815
8T6L	DI–DIII	14.763382844050346
8T6L	DI–DIV	9.56866730532525
8T6L	DII–DIII	14.235403225760752
8T6L	DII–DIV	16.253326736394605
8T6L	DIII–DIV	10.832982645605954
7DTC	DI–DII	10.998586591012511
7DTC	DI–DIII	14.648850227918915
7DTC	DI–DIV	9.314689742551824
7DTC	DII–DIII	14.241479347315014
7DTC	DII–DIV	15.694487376145803
7DTC	DIII–DIV	10.124874616507585
8VYJ	DI–DII	12.080802498178654
8VYJ	DI–DIII	15.762511665340638
8VYJ	DI–DIV	10.591825574470144
8VYJ	DII–DIII	15.214298110658929
8VYJ	DII–DIV	17.323676803727302
8VYJ	DIII–DIV	11.379250458619824
8VYK	DI–DII	11.921473314989214
8VYK	DI–DIII	16.5249681088951
8VYK	DI–DIV	11.258813791869908
8VYK	DII–DIII	15.803046826482554
8VYK	DII–DIV	17.562307308551457
8VYK	DIII–DIV	11.877489760046096
