mask_id	channel	sequence_background	status	design_date	designed_before_output_inspection	starting_a3m_sha256	masked_a3m_sha256	numbering_system	mask_positions	mask_size	regions_targeted	design_rationale	shared_across_backgrounds	script_commit	prediction_commit	output_dataset	notes
kv21_common	Kv2.1	WT;L403A;F412L	primary_frozen	unavailable	unverified	unavailable	unavailable	1-based raw AlphaFold query/model numbering	288-328,370-384,401-417	73	VSD/pore-interface regions	paper-primary shared-mask comparison	true	unavailable	unavailable	kv21 WT/L403A/F412L masked final-QC ensembles	Exact production A3M absent; historical impact of companion indexing fix unresolved
nav15_standard	Nav1.5	WT	primary_frozen	unavailable	unverified	unavailable	unavailable	1-based raw AlphaFold query/model numbering	see authoritative_mask_definitions.yaml	293	channel-wide hypothesis-guided regions	paper-primary WT standard mask	false	unavailable	unavailable	nav15 WT masked standard focal table	Not interchangeable with QQQ standard-plus-IFM mask
nav15_standard_plus_IFM	Nav1.5	QQQ	primary_frozen	unavailable	unverified	unavailable	unavailable	1-based raw AlphaFold query/model numbering	nav15_standard plus 1164-1176	306	standard regions plus IFM region	paper-primary QQQ mask	false	unavailable	unavailable	nav15 QQQ masked final-QC ensemble	Condition-specific mask prevents factorial WT-QQQ interpretation
nav15_v2	Nav1.5	WT;QQQ	design_sensitivity	unavailable	unverified	unavailable	unavailable	1-based raw AlphaFold query/model numbering	see authoritative_mask_definitions.yaml	193	reduced channel regions and IFM region	mask-design sensitivity	true	unavailable	unavailable	nav15 WT and QQQ masked_v2 final-QC ensembles	Must not replace primary masks by outcome favorability
nav15_v2_noIFM	Nav1.5	WT	mechanistic_followup	unavailable	unverified	unavailable	unavailable	1-based raw AlphaFold query/model numbering	nav15_v2 minus 1164-1176	180	v2 regions excluding IFM	mechanistic IFM-inclusion follow-up	false	unavailable	unavailable	nav15 WT masked_v2_noIFM final-QC ensemble	Prespecification before initial-result inspection not verified
cav12_wt_common	Cav1.2	WT	primary_frozen	unavailable	unverified	unavailable	unavailable	1-based raw AlphaFold query/model numbering	see authoritative_mask_definitions.yaml	263	channel-wide hypothesis-guided regions	paper-primary WT mask	false	unavailable	unavailable	cav12 WT masked final-QC ensemble	Not identical to mutant masks
cav12_g402s	Cav1.2	G402S	primary_frozen	unavailable	unverified	unavailable	unavailable	1-based raw AlphaFold query/model numbering	cav12_wt_common plus 397-400,402-406	272	WT regions plus mutation-local region	paper-primary G402S mask	false	unavailable	unavailable	cav12 G402S masked final-QC ensemble	Masked WT-mutant contrast is protocol-specific
cav12_g406r	Cav1.2	G406R	primary_frozen	unavailable	unverified	unavailable	unavailable	1-based raw AlphaFold query/model numbering	cav12_wt_common plus 402-406	268	WT regions plus mutation-local region	paper-primary G406R mask	false	unavailable	unavailable	cav12 G406R masked final-QC ensemble	Masked WT-mutant contrast is protocol-specific
cav12_g490r	Cav1.2	G490R	exploratory_posthoc	unavailable	unverified	unavailable	unavailable	1-based raw AlphaFold query/model numbering	cav12_wt_common plus 485-495	274	WT regions plus mutation-local region	exploratory registered design	false	unavailable	unavailable	no registered final-distance ensemble	No prediction result promoted into manuscript analysis
